timestamp,latency,endpoint,load
2025-02-28 14:14:28.926199+00:00,0.389405,/upload_user_activity_data,1
2025-02-28 14:14:29.346541+00:00,0.374742,/upload_user_activity_data,1
2025-02-28 14:14:29.761333+00:00,0.369042,/upload_user_activity_data,1
2025-02-28 14:14:30.153499+00:00,0.371098,/upload_user_activity_data,1
2025-02-28 14:14:30.522020+00:00,0.36995,/upload_user_activity_data,1
2025-02-28 14:14:31.119667+00:00,0.522106,/upload_user_activity_data,2
2025-02-28 14:14:31.135409+00:00,0.52224,/upload_user_activity_data,2
2025-02-28 14:14:31.658879+00:00,0.510347,/upload_user_activity_data,2
2025-02-28 14:14:31.659326+00:00,0.515791,/upload_user_activity_data,2
2025-02-28 14:14:32.309204+00:00,0.635502,/upload_user_activity_data,2
2025-02-28 14:14:32.309204+00:00,0.640539,/upload_user_activity_data,2
2025-02-28 14:14:32.822094+00:00,0.496941,/upload_user_activity_data,2
2025-02-28 14:14:32.823826+00:00,0.496687,/upload_user_activity_data,2
2025-02-28 14:14:33.357153+00:00,0.517923,/upload_user_activity_data,2
2025-02-28 14:14:33.364877+00:00,0.525951,/upload_user_activity_data,2
2025-02-28 14:14:34.025685+00:00,0.644172,/upload_user_activity_data,3
2025-02-28 14:14:34.025685+00:00,0.648145,/upload_user_activity_data,3
2025-02-28 14:14:34.036200+00:00,0.653195,/upload_user_activity_data,3
2025-02-28 14:14:34.626127+00:00,0.570504,/upload_user_activity_data,3
2025-02-28 14:14:34.626127+00:00,0.57789,/upload_user_activity_data,3
2025-02-28 14:14:34.641578+00:00,0.587949,/upload_user_activity_data,3
2025-02-28 14:14:35.210468+00:00,0.553081,/upload_user_activity_data,3
2025-02-28 14:14:35.216120+00:00,0.55672,/upload_user_activity_data,3
2025-02-28 14:14:35.221630+00:00,0.565721,/upload_user_activity_data,3
2025-02-28 14:14:35.794463+00:00,0.566708,/upload_user_activity_data,3
2025-02-28 14:14:35.841673+00:00,0.612376,/upload_user_activity_data,3
2025-02-28 14:14:35.842712+00:00,0.615217,/upload_user_activity_data,3
2025-02-28 14:14:36.376170+00:00,0.526413,/upload_user_activity_data,3
2025-02-28 14:14:36.393684+00:00,0.542806,/upload_user_activity_data,3
2025-02-28 14:14:36.393684+00:00,0.546832,/upload_user_activity_data,3
2025-02-28 14:14:37.118530+00:00,0.689306,/upload_user_activity_data,4
2025-02-28 14:14:37.127910+00:00,0.703715,/upload_user_activity_data,4
2025-02-28 14:14:37.127910+00:00,0.704246,/upload_user_activity_data,4
2025-02-28 14:14:37.127910+00:00,0.70812,/upload_user_activity_data,4
2025-02-28 14:14:37.867033+00:00,0.718172,/upload_user_activity_data,4
2025-02-28 14:14:37.867033+00:00,0.719082,/upload_user_activity_data,4
2025-02-28 14:14:37.915801+00:00,0.760503,/upload_user_activity_data,4
2025-02-28 14:14:37.924587+00:00,0.768489,/upload_user_activity_data,4
2025-02-28 14:14:38.603032+00:00,0.671852,/upload_user_activity_data,4
2025-02-28 14:14:38.623564+00:00,0.6781,/upload_user_activity_data,4
2025-02-28 14:14:38.627077+00:00,0.689161,/upload_user_activity_data,4
2025-02-28 14:14:38.627077+00:00,0.689693,/upload_user_activity_data,4
2025-02-28 14:14:39.381939+00:00,0.724835,/upload_user_activity_data,4
2025-02-28 14:14:39.381939+00:00,0.732809,/upload_user_activity_data,4
2025-02-28 14:14:39.381939+00:00,0.731268,/upload_user_activity_data,4
2025-02-28 14:14:39.453078+00:00,0.80022,/upload_user_activity_data,4
2025-02-28 14:14:40.258983+00:00,0.791931,/upload_user_activity_data,4
2025-02-28 14:14:40.258983+00:00,0.793513,/upload_user_activity_data,4
2025-02-28 14:14:40.270510+00:00,0.789535,/upload_user_activity_data,4
2025-02-28 14:14:40.308092+00:00,0.843934,/upload_user_activity_data,4
2025-02-28 14:14:41.141819+00:00,0.81109,/upload_user_activity_data,5
2025-02-28 14:14:41.141819+00:00,0.809088,/upload_user_activity_data,5
2025-02-28 14:14:41.141819+00:00,0.820076,/upload_user_activity_data,5
2025-02-28 14:14:41.141819+00:00,0.817056,/upload_user_activity_data,5
2025-02-28 14:14:41.197546+00:00,0.866879,/upload_user_activity_data,5
2025-02-28 14:14:42.047660+00:00,0.814442,/upload_user_activity_data,5
2025-02-28 14:14:42.109171+00:00,0.873543,/upload_user_activity_data,5
2025-02-28 14:14:42.110923+00:00,0.871914,/upload_user_activity_data,5
2025-02-28 14:14:42.114364+00:00,0.877216,/upload_user_activity_data,5
2025-02-28 14:14:42.114364+00:00,0.873565,/upload_user_activity_data,5
2025-02-28 14:14:42.891659+00:00,0.758548,/upload_user_activity_data,5
2025-02-28 14:14:42.907262+00:00,0.759262,/upload_user_activity_data,5
2025-02-28 14:14:42.915262+00:00,0.771888,/upload_user_activity_data,5
2025-02-28 14:14:42.941340+00:00,0.791389,/upload_user_activity_data,5
2025-02-28 14:14:42.941340+00:00,0.791653,/upload_user_activity_data,5
2025-02-28 14:14:43.674411+00:00,0.713987,/upload_user_activity_data,5
2025-02-28 14:14:43.715365+00:00,0.748698,/upload_user_activity_data,5
2025-02-28 14:14:43.720345+00:00,0.750209,/upload_user_activity_data,5
2025-02-28 14:14:43.724335+00:00,0.7539,/upload_user_activity_data,5
2025-02-28 14:14:43.732360+00:00,0.770893,/upload_user_activity_data,5
2025-02-28 14:14:44.512817+00:00,0.763986,/upload_user_activity_data,5
2025-02-28 14:14:44.512817+00:00,0.774877,/upload_user_activity_data,5
2025-02-28 14:14:44.528469+00:00,0.769339,/upload_user_activity_data,5
2025-02-28 14:14:44.528469+00:00,0.775253,/upload_user_activity_data,5
2025-02-28 14:14:44.541809+00:00,0.787154,/upload_user_activity_data,5
2025-02-28 14:14:45.367443+00:00,0.796949,/upload_user_activity_data,6
2025-02-28 14:14:45.376539+00:00,0.802805,/upload_user_activity_data,6
2025-02-28 14:14:45.383565+00:00,0.813305,/upload_user_activity_data,6
2025-02-28 14:14:45.383565+00:00,0.817997,/upload_user_activity_data,6
2025-02-28 14:14:45.424276+00:00,0.856839,/upload_user_activity_data,6
2025-02-28 14:14:45.434495+00:00,0.852728,/upload_user_activity_data,6
2025-02-28 14:14:46.232155+00:00,0.782178,/upload_user_activity_data,6
2025-02-28 14:14:46.242173+00:00,0.781708,/upload_user_activity_data,6
2025-02-28 14:14:46.262801+00:00,0.801082,/upload_user_activity_data,6
2025-02-28 14:14:46.262801+00:00,0.80373,/upload_user_activity_data,6
2025-02-28 14:14:46.262801+00:00,0.81364,/upload_user_activity_data,6
2025-02-28 14:14:46.281722+00:00,0.826468,/upload_user_activity_data,6
2025-02-28 14:14:47.131840+00:00,0.821015,/upload_user_activity_data,6
2025-02-28 14:14:47.131840+00:00,0.82161,/upload_user_activity_data,6
2025-02-28 14:14:47.131840+00:00,0.832953,/upload_user_activity_data,6
2025-02-28 14:14:47.146095+00:00,0.837829,/upload_user_activity_data,6
2025-02-28 14:14:47.161074+00:00,0.854605,/upload_user_activity_data,6
2025-02-28 14:14:47.161074+00:00,0.861048,/upload_user_activity_data,6
2025-02-28 14:14:48.042129+00:00,0.854312,/upload_user_activity_data,6
2025-02-28 14:14:48.042807+00:00,0.849172,/upload_user_activity_data,6
2025-02-28 14:14:48.098253+00:00,0.914375,/upload_user_activity_data,6
2025-02-28 14:14:48.098253+00:00,0.914329,/upload_user_activity_data,6
2025-02-28 14:14:48.106278+00:00,0.916593,/upload_user_activity_data,6
2025-02-28 14:14:48.112330+00:00,0.922802,/upload_user_activity_data,6
2025-02-28 14:14:48.965994+00:00,0.849357,/upload_user_activity_data,6
2025-02-28 14:14:49.031504+00:00,0.897149,/upload_user_activity_data,6
2025-02-28 14:14:49.036161+00:00,0.904214,/upload_user_activity_data,6
2025-02-28 14:14:49.038160+00:00,0.909348,/upload_user_activity_data,6
2025-02-28 14:14:49.045586+00:00,0.905275,/upload_user_activity_data,6
2025-02-28 14:14:49.048245+00:00,0.911255,/upload_user_activity_data,6
2025-02-28 14:14:49.958273+00:00,0.882614,/upload_user_activity_data,7
2025-02-28 14:14:49.960916+00:00,0.891136,/upload_user_activity_data,7
2025-02-28 14:14:49.960916+00:00,0.894358,/upload_user_activity_data,7
2025-02-28 14:14:50.035837+00:00,0.954139,/upload_user_activity_data,7
2025-02-28 14:14:50.035837+00:00,0.957814,/upload_user_activity_data,7
2025-02-28 14:14:50.041429+00:00,0.965392,/upload_user_activity_data,7
2025-02-28 14:14:50.041429+00:00,0.960995,/upload_user_activity_data,7
2025-02-28 14:14:50.967480+00:00,0.902148,/upload_user_activity_data,7
2025-02-28 14:14:50.967480+00:00,0.901705,/upload_user_activity_data,7
2025-02-28 14:14:50.975984+00:00,0.907262,/upload_user_activity_data,7
2025-02-28 14:14:50.977379+00:00,0.9037,/upload_user_activity_data,7
2025-02-28 14:14:50.983387+00:00,0.922967,/upload_user_activity_data,7
2025-02-28 14:14:50.990775+00:00,0.927909,/upload_user_activity_data,7
2025-02-28 14:14:50.994606+00:00,0.918802,/upload_user_activity_data,7
2025-02-28 14:14:51.900011+00:00,0.884173,/upload_user_activity_data,7
2025-02-28 14:14:51.901182+00:00,0.881656,/upload_user_activity_data,7
2025-02-28 14:14:51.922536+00:00,0.90476,/upload_user_activity_data,7
2025-02-28 14:14:51.922536+00:00,0.910154,/upload_user_activity_data,7
2025-02-28 14:14:51.975243+00:00,0.959251,/upload_user_activity_data,7
2025-02-28 14:14:51.975243+00:00,0.962136,/upload_user_activity_data,7
2025-02-28 14:14:51.984290+00:00,0.969069,/upload_user_activity_data,7
2025-02-28 14:14:52.962997+00:00,0.948892,/upload_user_activity_data,7
2025-02-28 14:14:52.962997+00:00,0.951969,/upload_user_activity_data,7
2025-02-28 14:14:52.973987+00:00,0.96219,/upload_user_activity_data,7
2025-02-28 14:14:53.019410+00:00,1.017775,/upload_user_activity_data,7
2025-02-28 14:14:53.019410+00:00,1.0175,/upload_user_activity_data,7
2025-02-28 14:14:53.027371+00:00,1.021325,/upload_user_activity_data,7
2025-02-28 14:14:53.027371+00:00,1.010608,/upload_user_activity_data,7
2025-02-28 14:14:53.915996+00:00,0.876624,/upload_user_activity_data,7
2025-02-28 14:14:53.933961+00:00,0.887007,/upload_user_activity_data,7
2025-02-28 14:14:53.938031+00:00,0.888367,/upload_user_activity_data,7
2025-02-28 14:14:53.961901+00:00,0.907695,/upload_user_activity_data,7
2025-02-28 14:14:53.961901+00:00,0.909016,/upload_user_activity_data,7
2025-02-28 14:14:53.967447+00:00,0.917486,/upload_user_activity_data,7
2025-02-28 14:14:53.977112+00:00,0.932308,/upload_user_activity_data,7
2025-02-28 14:14:54.957945+00:00,0.946736,/upload_user_activity_data,8
2025-02-28 14:14:54.991528+00:00,0.975997,/upload_user_activity_data,8
2025-02-28 14:14:54.991528+00:00,0.984656,/upload_user_activity_data,8
2025-02-28 14:14:54.991528+00:00,0.982575,/upload_user_activity_data,8
2025-02-28 14:14:55.082897+00:00,1.070434,/upload_user_activity_data,8
2025-02-28 14:14:55.096571+00:00,1.081315,/upload_user_activity_data,8
2025-02-28 14:14:55.096571+00:00,1.088169,/upload_user_activity_data,8
2025-02-28 14:14:55.096571+00:00,1.100357,/upload_user_activity_data,8
2025-02-28 14:14:56.112441+00:00,0.973269,/upload_user_activity_data,8
2025-02-28 14:14:56.144988+00:00,0.99882,/upload_user_activity_data,8
2025-02-28 14:14:56.153322+00:00,1.007776,/upload_user_activity_data,8
2025-02-28 14:14:56.157383+00:00,1.020831,/upload_user_activity_data,8
2025-02-28 14:14:56.174462+00:00,1.024425,/upload_user_activity_data,8
2025-02-28 14:14:56.196424+00:00,1.054834,/upload_user_activity_data,8
2025-02-28 14:14:56.196424+00:00,1.065666,/upload_user_activity_data,8
2025-02-28 14:14:56.209950+00:00,1.063765,/upload_user_activity_data,8
2025-02-28 14:14:57.130490+00:00,0.910151,/upload_user_activity_data,8
2025-02-28 14:14:57.195243+00:00,0.96471,/upload_user_activity_data,8
2025-02-28 14:14:57.196346+00:00,0.963321,/upload_user_activity_data,8
2025-02-28 14:14:57.198590+00:00,0.964441,/upload_user_activity_data,8
2025-02-28 14:14:57.335499+00:00,1.109164,/upload_user_activity_data,8
2025-02-28 14:14:57.365244+00:00,1.130243,/upload_user_activity_data,8
2025-02-28 14:14:57.365244+00:00,1.136357,/upload_user_activity_data,8
2025-02-28 14:14:57.374758+00:00,1.141754,/upload_user_activity_data,8
2025-02-28 14:14:58.350104+00:00,0.953801,/upload_user_activity_data,8
2025-02-28 14:14:58.370130+00:00,0.981787,/upload_user_activity_data,8
2025-02-28 14:14:58.409754+00:00,1.010974,/upload_user_activity_data,8
2025-02-28 14:14:58.409754+00:00,1.017223,/upload_user_activity_data,8
2025-02-28 14:14:58.512353+00:00,1.128962,/upload_user_activity_data,8
2025-02-28 14:14:58.531072+00:00,1.140406,/upload_user_activity_data,8
2025-02-28 14:14:58.557413+00:00,1.160205,/upload_user_activity_data,8
2025-02-28 14:14:58.574106+00:00,1.184717,/upload_user_activity_data,8
2025-02-28 14:14:59.502140+00:00,0.901314,/upload_user_activity_data,8
2025-02-28 14:14:59.505653+00:00,0.911931,/upload_user_activity_data,8
2025-02-28 14:14:59.512391+00:00,0.911403,/upload_user_activity_data,8
2025-02-28 14:14:59.514899+00:00,0.914115,/upload_user_activity_data,8
2025-02-28 14:14:59.627696+00:00,1.027921,/upload_user_activity_data,8
2025-02-28 14:14:59.650340+00:00,1.051158,/upload_user_activity_data,8
2025-02-28 14:14:59.650340+00:00,1.059741,/upload_user_activity_data,8
2025-02-28 14:14:59.677117+00:00,1.08031,/upload_user_activity_data,8
2025-02-28 14:15:00.759657+00:00,1.063461,/upload_user_activity_data,9
2025-02-28 14:15:00.759657+00:00,1.075964,/upload_user_activity_data,9
2025-02-28 14:15:00.808784+00:00,1.110065,/upload_user_activity_data,9
2025-02-28 14:15:00.816609+00:00,1.12094,/upload_user_activity_data,9
2025-02-28 14:15:00.820122+00:00,1.119725,/upload_user_activity_data,9
2025-02-28 14:15:00.828236+00:00,1.127305,/upload_user_activity_data,9
2025-02-28 14:15:00.828904+00:00,1.137152,/upload_user_activity_data,9
2025-02-28 14:15:00.845602+00:00,1.144424,/upload_user_activity_data,9
2025-02-28 14:15:00.876576+00:00,1.177141,/upload_user_activity_data,9
2025-02-28 14:15:01.932896+00:00,1.022722,/upload_user_activity_data,9
2025-02-28 14:15:01.949838+00:00,1.045154,/upload_user_activity_data,9
2025-02-28 14:15:01.986234+00:00,1.07778,/upload_user_activity_data,9
2025-02-28 14:15:02.005872+00:00,1.105781,/upload_user_activity_data,9
2025-02-28 14:15:02.007165+00:00,1.104216,/upload_user_activity_data,9
2025-02-28 14:15:02.010967+00:00,1.099573,/upload_user_activity_data,9
2025-02-28 14:15:02.012034+00:00,1.103979,/upload_user_activity_data,9
2025-02-28 14:15:02.026440+00:00,1.122418,/upload_user_activity_data,9
2025-02-28 14:15:02.074694+00:00,1.172782,/upload_user_activity_data,9
2025-02-28 14:15:03.010438+00:00,0.917003,/upload_user_activity_data,9
2025-02-28 14:15:03.019364+00:00,0.924043,/upload_user_activity_data,9
2025-02-28 14:15:03.023837+00:00,0.927789,/upload_user_activity_data,9
2025-02-28 14:15:03.068672+00:00,0.971755,/upload_user_activity_data,9
2025-02-28 14:15:03.184575+00:00,1.098438,/upload_user_activity_data,9
2025-02-28 14:15:03.215162+00:00,1.118062,/upload_user_activity_data,9
2025-02-28 14:15:03.215162+00:00,1.126419,/upload_user_activity_data,9
2025-02-28 14:15:03.224010+00:00,1.128496,/upload_user_activity_data,9
2025-02-28 14:15:03.265572+00:00,1.179753,/upload_user_activity_data,9
2025-02-28 14:15:04.235469+00:00,0.950723,/upload_user_activity_data,9
2025-02-28 14:15:04.277733+00:00,0.990476,/upload_user_activity_data,9
2025-02-28 14:15:04.281038+00:00,0.991823,/upload_user_activity_data,9
2025-02-28 14:15:04.341055+00:00,1.051444,/upload_user_activity_data,9
2025-02-28 14:15:04.402434+00:00,1.114801,/upload_user_activity_data,9
2025-02-28 14:15:04.464846+00:00,1.173283,/upload_user_activity_data,9
2025-02-28 14:15:04.497150+00:00,1.205347,/upload_user_activity_data,9
2025-02-28 14:15:04.532117+00:00,1.238217,/upload_user_activity_data,9
2025-02-28 14:15:04.532117+00:00,1.239507,/upload_user_activity_data,9
2025-02-28 14:15:05.551412+00:00,0.990292,/upload_user_activity_data,9
2025-02-28 14:15:05.567792+00:00,1.018877,/upload_user_activity_data,9
2025-02-28 14:15:05.591928+00:00,1.040464,/upload_user_activity_data,9
2025-02-28 14:15:05.657162+00:00,1.063736,/upload_user_activity_data,9
2025-02-28 14:15:05.662411+00:00,1.086563,/upload_user_activity_data,9
2025-02-28 14:15:05.664951+00:00,1.112206,/upload_user_activity_data,9
2025-02-28 14:15:05.698820+00:00,1.142187,/upload_user_activity_data,9
2025-02-28 14:15:05.711839+00:00,1.157079,/upload_user_activity_data,9
2025-02-28 14:15:05.716124+00:00,1.161366,/upload_user_activity_data,9
2025-02-28 14:15:06.791005+00:00,1.043653,/upload_user_activity_data,10
2025-02-28 14:15:06.837802+00:00,1.093986,/upload_user_activity_data,10
2025-02-28 14:15:06.842119+00:00,1.107597,/upload_user_activity_data,10
2025-02-28 14:15:06.899604+00:00,1.14807,/upload_user_activity_data,10
2025-02-28 14:15:06.938907+00:00,1.19233,/upload_user_activity_data,10
2025-02-28 14:15:06.977377+00:00,1.235087,/upload_user_activity_data,10
2025-02-28 14:15:07.012489+00:00,1.265562,/upload_user_activity_data,10
2025-02-28 14:15:07.013567+00:00,1.265466,/upload_user_activity_data,10
2025-02-28 14:15:07.060117+00:00,1.317594,/upload_user_activity_data,10
2025-02-28 14:15:07.062756+00:00,1.327264,/upload_user_activity_data,10
2025-02-28 14:15:08.193389+00:00,1.113448,/upload_user_activity_data,10
2025-02-28 14:15:08.230149+00:00,1.143915,/upload_user_activity_data,10
2025-02-28 14:15:08.241050+00:00,1.144765,/upload_user_activity_data,10
2025-02-28 14:15:08.241050+00:00,1.147201,/upload_user_activity_data,10
2025-02-28 14:15:08.289157+00:00,1.193956,/upload_user_activity_data,10
2025-02-28 14:15:08.297186+00:00,1.198597,/upload_user_activity_data,10
2025-02-28 14:15:08.297186+00:00,1.213595,/upload_user_activity_data,10
2025-02-28 14:15:08.321300+00:00,1.232592,/upload_user_activity_data,10
2025-02-28 14:15:08.331306+00:00,1.237077,/upload_user_activity_data,10
2025-02-28 14:15:08.340667+00:00,1.257112,/upload_user_activity_data,10
2025-02-28 14:15:09.468632+00:00,1.097421,/upload_user_activity_data,10
2025-02-28 14:15:09.469153+00:00,1.089448,/upload_user_activity_data,10
2025-02-28 14:15:09.523843+00:00,1.155088,/upload_user_activity_data,10
2025-02-28 14:15:09.543881+00:00,1.166891,/upload_user_activity_data,10
2025-02-28 14:15:09.599571+00:00,1.221186,/upload_user_activity_data,10
2025-02-28 14:15:09.599571+00:00,1.22906,/upload_user_activity_data,10
2025-02-28 14:15:09.605688+00:00,1.223783,/upload_user_activity_data,10
2025-02-28 14:15:09.627283+00:00,1.240329,/upload_user_activity_data,10
2025-02-28 14:15:09.661958+00:00,1.285361,/upload_user_activity_data,10
2025-02-28 14:15:09.673704+00:00,1.290054,/upload_user_activity_data,10
2025-02-28 14:15:10.786124+00:00,1.091636,/upload_user_activity_data,10
2025-02-28 14:15:10.816084+00:00,1.1188,/upload_user_activity_data,10
2025-02-28 14:15:10.816084+00:00,1.124867,/upload_user_activity_data,10
2025-02-28 14:15:10.843285+00:00,1.160421,/upload_user_activity_data,10
2025-02-28 14:15:10.860132+00:00,1.166404,/upload_user_activity_data,10
2025-02-28 14:15:10.860132+00:00,1.16974,/upload_user_activity_data,10
2025-02-28 14:15:10.876022+00:00,1.17847,/upload_user_activity_data,10
2025-02-28 14:15:10.902574+00:00,1.209446,/upload_user_activity_data,10
2025-02-28 14:15:10.907139+00:00,1.210876,/upload_user_activity_data,10
2025-02-28 14:15:10.923728+00:00,1.231468,/upload_user_activity_data,10
2025-02-28 14:15:11.998474+00:00,1.05019,/upload_user_activity_data,10
2025-02-28 14:15:12.070892+00:00,1.120528,/upload_user_activity_data,10
2025-02-28 14:15:12.092094+00:00,1.147464,/upload_user_activity_data,10
2025-02-28 14:15:12.102444+00:00,1.15699,/upload_user_activity_data,10
2025-02-28 14:15:12.152915+00:00,1.212353,/upload_user_activity_data,10
2025-02-28 14:15:12.175331+00:00,1.222361,/upload_user_activity_data,10
2025-02-28 14:15:12.196227+00:00,1.258785,/upload_user_activity_data,10
2025-02-28 14:15:12.212172+00:00,1.260491,/upload_user_activity_data,10
2025-02-28 14:15:12.215647+00:00,1.266086,/upload_user_activity_data,10
2025-02-28 14:15:12.246850+00:00,1.30503,/upload_user_activity_data,10
2025-02-28 14:15:13.386170+00:00,1.105199,/upload_user_activity_data,11
2025-02-28 14:15:13.390836+00:00,1.117585,/upload_user_activity_data,11
2025-02-28 14:15:13.423532+00:00,1.140127,/upload_user_activity_data,11
2025-02-28 14:15:13.507499+00:00,1.220135,/upload_user_activity_data,11
2025-02-28 14:15:13.511575+00:00,1.235668,/upload_user_activity_data,11
2025-02-28 14:15:13.623832+00:00,1.336344,/upload_user_activity_data,11
2025-02-28 14:15:13.625370+00:00,1.348754,/upload_user_activity_data,11
2025-02-28 14:15:13.649543+00:00,1.363526,/upload_user_activity_data,11
2025-02-28 14:15:13.676789+00:00,1.401914,/upload_user_activity_data,11
2025-02-28 14:15:13.693491+00:00,1.41965,/upload_user_activity_data,11
2025-02-28 14:15:13.693491+00:00,1.415887,/upload_user_activity_data,11
2025-02-28 14:15:14.870379+00:00,1.152,/upload_user_activity_data,11
2025-02-28 14:15:14.963757+00:00,1.237349,/upload_user_activity_data,11
2025-02-28 14:15:14.969734+00:00,1.253759,/upload_user_activity_data,11
2025-02-28 14:15:15.013781+00:00,1.283857,/upload_user_activity_data,11
2025-02-28 14:15:15.027222+00:00,1.306318,/upload_user_activity_data,11
2025-02-28 14:15:15.028736+00:00,1.306299,/upload_user_activity_data,11
2025-02-28 14:15:15.031070+00:00,1.302649,/upload_user_activity_data,11
2025-02-28 14:15:15.098713+00:00,1.384006,/upload_user_activity_data,11
2025-02-28 14:15:15.099761+00:00,1.381146,/upload_user_activity_data,11
2025-02-28 14:15:15.102450+00:00,1.378198,/upload_user_activity_data,11
2025-02-28 14:15:15.103533+00:00,1.387504,/upload_user_activity_data,11
2025-02-28 14:15:16.185297+00:00,1.059613,/upload_user_activity_data,11
2025-02-28 14:15:16.207465+00:00,1.074101,/upload_user_activity_data,11
2025-02-28 14:15:16.231512+00:00,1.106072,/upload_user_activity_data,11
2025-02-28 14:15:16.280348+00:00,1.148998,/upload_user_activity_data,11
2025-02-28 14:15:16.330724+00:00,1.203793,/upload_user_activity_data,11
2025-02-28 14:15:16.334929+00:00,1.208122,/upload_user_activity_data,11
2025-02-28 14:15:16.385601+00:00,1.253047,/upload_user_activity_data,11
2025-02-28 14:15:16.406957+00:00,1.278147,/upload_user_activity_data,11
2025-02-28 14:15:16.410970+00:00,1.293439,/upload_user_activity_data,11
2025-02-28 14:15:16.429179+00:00,1.304683,/upload_user_activity_data,11
2025-02-28 14:15:16.429179+00:00,1.310625,/upload_user_activity_data,11
2025-02-28 14:15:17.588837+00:00,1.117214,/upload_user_activity_data,11
2025-02-28 14:15:17.588837+00:00,1.102788,/upload_user_activity_data,11
2025-02-28 14:15:17.605790+00:00,1.128814,/upload_user_activity_data,11
2025-02-28 14:15:17.606721+00:00,1.131752,/upload_user_activity_data,11
2025-02-28 14:15:17.725818+00:00,1.255944,/upload_user_activity_data,11
2025-02-28 14:15:17.741523+00:00,1.26758,/upload_user_activity_data,11
2025-02-28 14:15:17.755382+00:00,1.272109,/upload_user_activity_data,11
2025-02-28 14:15:17.757308+00:00,1.293457,/upload_user_activity_data,11
2025-02-28 14:15:17.757308+00:00,1.284061,/upload_user_activity_data,11
2025-02-28 14:15:17.790442+00:00,1.305808,/upload_user_activity_data,11
2025-02-28 14:15:17.808698+00:00,1.346436,/upload_user_activity_data,11
2025-02-28 14:15:19.035492+00:00,1.200759,/upload_user_activity_data,11
2025-02-28 14:15:19.036507+00:00,1.181277,/upload_user_activity_data,11
2025-02-28 14:15:19.074447+00:00,1.211835,/upload_user_activity_data,11
2025-02-28 14:15:19.079955+00:00,1.246763,/upload_user_activity_data,11
2025-02-28 14:15:19.123831+00:00,1.265364,/upload_user_activity_data,11
2025-02-28 14:15:19.123831+00:00,1.264665,/upload_user_activity_data,11
2025-02-28 14:15:19.132298+00:00,1.272349,/upload_user_activity_data,11
2025-02-28 14:15:19.173925+00:00,1.333556,/upload_user_activity_data,11
2025-02-28 14:15:19.182121+00:00,1.323765,/upload_user_activity_data,11
2025-02-28 14:15:19.190321+00:00,1.34321,/upload_user_activity_data,11
2025-02-28 14:15:19.190321+00:00,1.343769,/upload_user_activity_data,11
2025-02-28 14:15:20.494585+00:00,1.224316,/upload_user_activity_data,12
2025-02-28 14:15:20.524778+00:00,1.281419,/upload_user_activity_data,12
2025-02-28 14:15:20.565156+00:00,1.302406,/upload_user_activity_data,12
2025-02-28 14:15:20.623381+00:00,1.378499,/upload_user_activity_data,12
2025-02-28 14:15:20.706801+00:00,1.453818,/upload_user_activity_data,12
2025-02-28 14:15:20.706801+00:00,1.456997,/upload_user_activity_data,12
2025-02-28 14:15:20.749555+00:00,1.483632,/upload_user_activity_data,12
2025-02-28 14:15:20.784325+00:00,1.515479,/upload_user_activity_data,12
2025-02-28 14:15:20.847341+00:00,1.611644,/upload_user_activity_data,12
2025-02-28 14:15:20.847341+00:00,1.589002,/upload_user_activity_data,12
2025-02-28 14:15:20.856729+00:00,1.61033,/upload_user_activity_data,12
2025-02-28 14:15:20.857234+00:00,1.612386,/upload_user_activity_data,12
2025-02-28 14:15:22.158491+00:00,1.284527,/upload_user_activity_data,12
2025-02-28 14:15:22.206705+00:00,1.330809,/upload_user_activity_data,12
2025-02-28 14:15:22.206705+00:00,1.327012,/upload_user_activity_data,12
2025-02-28 14:15:22.221091+00:00,1.34133,/upload_user_activity_data,12
2025-02-28 14:15:22.227340+00:00,1.346992,/upload_user_activity_data,12
2025-02-28 14:15:22.227340+00:00,1.35034,/upload_user_activity_data,12
2025-02-28 14:15:22.266173+00:00,1.390504,/upload_user_activity_data,12
2025-02-28 14:15:22.266173+00:00,1.389649,/upload_user_activity_data,12
2025-02-28 14:15:22.273741+00:00,1.398784,/upload_user_activity_data,12
2025-02-28 14:15:22.282139+00:00,1.406396,/upload_user_activity_data,12
2025-02-28 14:15:22.308896+00:00,1.435642,/upload_user_activity_data,12
2025-02-28 14:15:22.340462+00:00,1.457203,/upload_user_activity_data,12
2025-02-28 14:15:23.677359+00:00,1.288307,/upload_user_activity_data,12
2025-02-28 14:15:23.684831+00:00,1.308042,/upload_user_activity_data,12
2025-02-28 14:15:23.691005+00:00,1.291936,/upload_user_activity_data,12
2025-02-28 14:15:23.709644+00:00,1.313169,/upload_user_activity_data,12
2025-02-28 14:15:23.747885+00:00,1.362341,/upload_user_activity_data,12
2025-02-28 14:15:23.749035+00:00,1.374836,/upload_user_activity_data,12
2025-02-28 14:15:23.765722+00:00,1.361848,/upload_user_activity_data,12
2025-02-28 14:15:23.768425+00:00,1.379996,/upload_user_activity_data,12
2025-02-28 14:15:23.774887+00:00,1.381177,/upload_user_activity_data,12
2025-02-28 14:15:23.807666+00:00,1.441232,/upload_user_activity_data,12
2025-02-28 14:15:23.823388+00:00,1.442963,/upload_user_activity_data,12
2025-02-28 14:15:23.823388+00:00,1.445527,/upload_user_activity_data,12
2025-02-28 14:15:25.103392+00:00,1.236171,/upload_user_activity_data,12
2025-02-28 14:15:25.126330+00:00,1.254615,/upload_user_activity_data,12
2025-02-28 14:15:25.155179+00:00,1.298921,/upload_user_activity_data,12
2025-02-28 14:15:25.197425+00:00,1.337514,/upload_user_activity_data,12
2025-02-28 14:15:25.207524+00:00,1.338611,/upload_user_activity_data,12
2025-02-28 14:15:25.216036+00:00,1.346115,/upload_user_activity_data,12
2025-02-28 14:15:25.216036+00:00,1.356176,/upload_user_activity_data,12
2025-02-28 14:15:25.227964+00:00,1.383915,/upload_user_activity_data,12
2025-02-28 14:15:25.256977+00:00,1.389242,/upload_user_activity_data,12
2025-02-28 14:15:25.275453+00:00,1.404437,/upload_user_activity_data,12
2025-02-28 14:15:25.293244+00:00,1.429514,/upload_user_activity_data,12
2025-02-28 14:15:25.293244+00:00,1.434744,/upload_user_activity_data,12
2025-02-28 14:15:26.528370+00:00,1.204189,/upload_user_activity_data,12
2025-02-28 14:15:26.590470+00:00,1.266463,/upload_user_activity_data,12
2025-02-28 14:15:26.606616+00:00,1.277899,/upload_user_activity_data,12
2025-02-28 14:15:26.628613+00:00,1.300678,/upload_user_activity_data,12
2025-02-28 14:15:26.632966+00:00,1.298943,/upload_user_activity_data,12
2025-02-28 14:15:26.676097+00:00,1.345817,/upload_user_activity_data,12
2025-02-28 14:15:26.679853+00:00,1.354146,/upload_user_activity_data,12
2025-02-28 14:15:26.702884+00:00,1.370138,/upload_user_activity_data,12
2025-02-28 14:15:26.706663+00:00,1.376754,/upload_user_activity_data,12
2025-02-28 14:15:26.715293+00:00,1.38318,/upload_user_activity_data,12
2025-02-28 14:15:26.716384+00:00,1.398018,/upload_user_activity_data,12
2025-02-28 14:15:26.728755+00:00,1.402268,/upload_user_activity_data,12
2025-02-28 14:15:28.010900+00:00,1.264494,/upload_user_activity_data,13
2025-02-28 14:15:28.061889+00:00,1.306438,/upload_user_activity_data,13
2025-02-28 14:15:28.095304+00:00,1.340383,/upload_user_activity_data,13
2025-02-28 14:15:28.106620+00:00,1.34906,/upload_user_activity_data,13
2025-02-28 14:15:28.111634+00:00,1.352776,/upload_user_activity_data,13
2025-02-28 14:15:28.179340+00:00,1.424689,/upload_user_activity_data,13
2025-02-28 14:15:28.199743+00:00,1.43735,/upload_user_activity_data,13
2025-02-28 14:15:28.237768+00:00,1.481134,/upload_user_activity_data,13
2025-02-28 14:15:28.257071+00:00,1.509444,/upload_user_activity_data,13
2025-02-28 14:15:28.290186+00:00,1.536006,/upload_user_activity_data,13
2025-02-28 14:15:28.293571+00:00,1.52794,/upload_user_activity_data,13
2025-02-28 14:15:28.308531+00:00,1.542772,/upload_user_activity_data,13
2025-02-28 14:15:28.311623+00:00,1.556372,/upload_user_activity_data,13
2025-02-28 14:15:29.625796+00:00,1.267404,/upload_user_activity_data,13
2025-02-28 14:15:29.680431+00:00,1.343781,/upload_user_activity_data,13
2025-02-28 14:15:29.720584+00:00,1.365781,/upload_user_activity_data,13
2025-02-28 14:15:29.769302+00:00,1.407434,/upload_user_activity_data,13
2025-02-28 14:15:29.778009+00:00,1.426023,/upload_user_activity_data,13
2025-02-28 14:15:29.789498+00:00,1.453951,/upload_user_activity_data,13
2025-02-28 14:15:29.790558+00:00,1.422443,/upload_user_activity_data,13
2025-02-28 14:15:29.813406+00:00,1.468152,/upload_user_activity_data,13
2025-02-28 14:15:29.813406+00:00,1.453081,/upload_user_activity_data,13
2025-02-28 14:15:29.862872+00:00,1.52701,/upload_user_activity_data,13
2025-02-28 14:15:29.875623+00:00,1.521103,/upload_user_activity_data,13
2025-02-28 14:15:29.902220+00:00,1.561955,/upload_user_activity_data,13
2025-02-28 14:15:29.928822+00:00,1.579999,/upload_user_activity_data,13
2025-02-28 14:15:31.257052+00:00,1.29887,/upload_user_activity_data,13
2025-02-28 14:15:31.328721+00:00,1.337797,/upload_user_activity_data,13
2025-02-28 14:15:31.368505+00:00,1.398019,/upload_user_activity_data,13
2025-02-28 14:15:31.368505+00:00,1.397319,/upload_user_activity_data,13
2025-02-28 14:15:31.373031+00:00,1.422738,/upload_user_activity_data,13
2025-02-28 14:15:31.384539+00:00,1.416533,/upload_user_activity_data,13
2025-02-28 14:15:31.415099+00:00,1.435567,/upload_user_activity_data,13
2025-02-28 14:15:31.439918+00:00,1.451925,/upload_user_activity_data,13
2025-02-28 14:15:31.456458+00:00,1.474776,/upload_user_activity_data,13
2025-02-28 14:15:31.473236+00:00,1.504734,/upload_user_activity_data,13
2025-02-28 14:15:31.473236+00:00,1.495108,/upload_user_activity_data,13
2025-02-28 14:15:31.481281+00:00,1.500657,/upload_user_activity_data,13
2025-02-28 14:15:31.515065+00:00,1.535512,/upload_user_activity_data,13
2025-02-28 14:15:32.775478+00:00,1.215768,/upload_user_activity_data,13
2025-02-28 14:15:32.854965+00:00,1.283698,/upload_user_activity_data,13
2025-02-28 14:15:32.929180+00:00,1.378733,/upload_user_activity_data,13
2025-02-28 14:15:32.929180+00:00,1.367651,/upload_user_activity_data,13
2025-02-28 14:15:32.986654+00:00,1.435639,/upload_user_activity_data,13
2025-02-28 14:15:32.995072+00:00,1.426591,/upload_user_activity_data,13
2025-02-28 14:15:33.010074+00:00,1.451244,/upload_user_activity_data,13
2025-02-28 14:15:33.010074+00:00,1.44176,/upload_user_activity_data,13
2025-02-28 14:15:33.033608+00:00,1.470671,/upload_user_activity_data,13
2025-02-28 14:15:33.066973+00:00,1.511744,/upload_user_activity_data,13
2025-02-28 14:15:33.109141+00:00,1.538631,/upload_user_activity_data,13
2025-02-28 14:15:33.127220+00:00,1.575262,/upload_user_activity_data,13
2025-02-28 14:15:33.127220+00:00,1.571874,/upload_user_activity_data,13
2025-02-28 14:15:34.453246+00:00,1.29756,/upload_user_activity_data,13
2025-02-28 14:15:34.505548+00:00,1.340203,/upload_user_activity_data,13
2025-02-28 14:15:34.505548+00:00,1.337416,/upload_user_activity_data,13
2025-02-28 14:15:34.517992+00:00,1.354594,/upload_user_activity_data,13
2025-02-28 14:15:34.531808+00:00,1.3643,/upload_user_activity_data,13
2025-02-28 14:15:34.543473+00:00,1.374872,/upload_user_activity_data,13
2025-02-28 14:15:34.618212+00:00,1.459429,/upload_user_activity_data,13
2025-02-28 14:15:34.624957+00:00,1.461584,/upload_user_activity_data,13
2025-02-28 14:15:34.673579+00:00,1.51541,/upload_user_activity_data,13
2025-02-28 14:15:34.681115+00:00,1.507057,/upload_user_activity_data,13
2025-02-28 14:15:34.691774+00:00,1.516638,/upload_user_activity_data,13
2025-02-28 14:15:34.694051+00:00,1.529445,/upload_user_activity_data,13
2025-02-28 14:15:34.694208+00:00,1.524783,/upload_user_activity_data,13
2025-02-28 14:15:36.214793+00:00,1.441884,/upload_user_activity_data,14
2025-02-28 14:15:36.237636+00:00,1.493449,/upload_user_activity_data,14
2025-02-28 14:15:36.264007+00:00,1.506231,/upload_user_activity_data,14
2025-02-28 14:15:36.312583+00:00,1.566588,/upload_user_activity_data,14
2025-02-28 14:15:36.320594+00:00,1.573018,/upload_user_activity_data,14
2025-02-28 14:15:36.376928+00:00,1.62325,/upload_user_activity_data,14
2025-02-28 14:15:36.417761+00:00,1.654944,/upload_user_activity_data,14
2025-02-28 14:15:36.419325+00:00,1.663634,/upload_user_activity_data,14
2025-02-28 14:15:36.439236+00:00,1.673097,/upload_user_activity_data,14
2025-02-28 14:15:36.445993+00:00,1.680964,/upload_user_activity_data,14
2025-02-28 14:15:36.449191+00:00,1.69424,/upload_user_activity_data,14
2025-02-28 14:15:36.449743+00:00,1.714221,/upload_user_activity_data,14
2025-02-28 14:15:36.477921+00:00,1.716563,/upload_user_activity_data,14
2025-02-28 14:15:36.494062+00:00,1.737346,/upload_user_activity_data,14
2025-02-28 14:15:37.945246+00:00,1.395566,/upload_user_activity_data,14
2025-02-28 14:15:37.945246+00:00,1.413266,/upload_user_activity_data,14
2025-02-28 14:15:37.997437+00:00,1.459177,/upload_user_activity_data,14
2025-02-28 14:15:38.023225+00:00,1.480643,/upload_user_activity_data,14
2025-02-28 14:15:38.048023+00:00,1.49996,/upload_user_activity_data,14
2025-02-28 14:15:38.079710+00:00,1.556068,/upload_user_activity_data,14
2025-02-28 14:15:38.096119+00:00,1.561372,/upload_user_activity_data,14
2025-02-28 14:15:38.312915+00:00,1.769467,/upload_user_activity_data,14
2025-02-28 14:15:38.312915+00:00,1.773363,/upload_user_activity_data,14
2025-02-28 14:15:38.321530+00:00,1.776562,/upload_user_activity_data,14
2025-02-28 14:15:38.321530+00:00,1.787715,/upload_user_activity_data,14
2025-02-28 14:15:38.329043+00:00,1.802898,/upload_user_activity_data,14
2025-02-28 14:15:38.329043+00:00,1.798053,/upload_user_activity_data,14
2025-02-28 14:15:38.344802+00:00,1.810106,/upload_user_activity_data,14
2025-02-28 14:15:39.799541+00:00,1.431662,/upload_user_activity_data,14
2025-02-28 14:15:39.851769+00:00,1.475769,/upload_user_activity_data,14
2025-02-28 14:15:39.886460+00:00,1.509977,/upload_user_activity_data,14
2025-02-28 14:15:39.905436+00:00,1.532407,/upload_user_activity_data,14
2025-02-28 14:15:39.906440+00:00,1.534853,/upload_user_activity_data,14
2025-02-28 14:15:39.907577+00:00,1.53253,/upload_user_activity_data,14
2025-02-28 14:15:39.915425+00:00,1.537749,/upload_user_activity_data,14
2025-02-28 14:15:39.916980+00:00,1.538285,/upload_user_activity_data,14
2025-02-28 14:15:39.922958+00:00,1.540386,/upload_user_activity_data,14
2025-02-28 14:15:39.956265+00:00,1.586552,/upload_user_activity_data,14
2025-02-28 14:15:39.972857+00:00,1.606579,/upload_user_activity_data,14
2025-02-28 14:15:39.976169+00:00,1.599447,/upload_user_activity_data,14
2025-02-28 14:15:39.986214+00:00,1.618713,/upload_user_activity_data,14
2025-02-28 14:15:39.993687+00:00,1.614121,/upload_user_activity_data,14
2025-02-28 14:15:41.475445+00:00,1.440791,/upload_user_activity_data,14
2025-02-28 14:15:41.515105+00:00,1.49008,/upload_user_activity_data,14
2025-02-28 14:15:41.527704+00:00,1.511376,/upload_user_activity_data,14
2025-02-28 14:15:41.527704+00:00,1.484813,/upload_user_activity_data,14
2025-02-28 14:15:41.551177+00:00,1.515854,/upload_user_activity_data,14
2025-02-28 14:15:41.559936+00:00,1.537264,/upload_user_activity_data,14
2025-02-28 14:15:41.576264+00:00,1.562759,/upload_user_activity_data,14
2025-02-28 14:15:41.606404+00:00,1.576068,/upload_user_activity_data,14
2025-02-28 14:15:41.626329+00:00,1.609595,/upload_user_activity_data,14
2025-02-28 14:15:41.631437+00:00,1.58812,/upload_user_activity_data,14
2025-02-28 14:15:41.631437+00:00,1.606557,/upload_user_activity_data,14
2025-02-28 14:15:41.631437+00:00,1.600675,/upload_user_activity_data,14
2025-02-28 14:15:41.640185+00:00,1.61464,/upload_user_activity_data,14
2025-02-28 14:15:41.647801+00:00,1.615321,/upload_user_activity_data,14
2025-02-28 14:15:43.141770+00:00,1.431801,/upload_user_activity_data,14
2025-02-28 14:15:43.159132+00:00,1.467426,/upload_user_activity_data,14
2025-02-28 14:15:43.172961+00:00,1.472399,/upload_user_activity_data,14
2025-02-28 14:15:43.190630+00:00,1.492156,/upload_user_activity_data,14
2025-02-28 14:15:43.195250+00:00,1.487699,/upload_user_activity_data,14
2025-02-28 14:15:43.202987+00:00,1.499047,/upload_user_activity_data,14
2025-02-28 14:15:43.212157+00:00,1.506122,/upload_user_activity_data,14
2025-02-28 14:15:43.218628+00:00,1.545501,/upload_user_activity_data,14
2025-02-28 14:15:43.227896+00:00,1.544997,/upload_user_activity_data,14
2025-02-28 14:15:43.254715+00:00,1.555362,/upload_user_activity_data,14
2025-02-28 14:15:43.314046+00:00,1.613076,/upload_user_activity_data,14
2025-02-28 14:15:43.330292+00:00,1.619232,/upload_user_activity_data,14
2025-02-28 14:15:43.345041+00:00,1.65565,/upload_user_activity_data,14
2025-02-28 14:15:43.356349+00:00,1.664936,/upload_user_activity_data,14
2025-02-28 14:15:44.860876+00:00,1.418691,/upload_user_activity_data,15
2025-02-28 14:15:44.893700+00:00,1.473182,/upload_user_activity_data,15
2025-02-28 14:15:44.963414+00:00,1.567424,/upload_user_activity_data,15
2025-02-28 14:15:44.979040+00:00,1.554201,/upload_user_activity_data,15
2025-02-28 14:15:44.994671+00:00,1.556508,/upload_user_activity_data,15
2025-02-28 14:15:45.079297+00:00,1.660435,/upload_user_activity_data,15
2025-02-28 14:15:45.079297+00:00,1.638379,/upload_user_activity_data,15
2025-02-28 14:15:45.098562+00:00,1.670185,/upload_user_activity_data,15
2025-02-28 14:15:45.136927+00:00,1.740533,/upload_user_activity_data,15
2025-02-28 14:15:45.136927+00:00,1.744994,/upload_user_activity_data,15
2025-02-28 14:15:45.139550+00:00,1.724123,/upload_user_activity_data,15
2025-02-28 14:15:45.172969+00:00,1.751199,/upload_user_activity_data,15
2025-02-28 14:15:45.172969+00:00,1.741188,/upload_user_activity_data,15
2025-02-28 14:15:45.193858+00:00,1.767581,/upload_user_activity_data,15
2025-02-28 14:15:45.211033+00:00,1.808728,/upload_user_activity_data,15
2025-02-28 14:15:46.747975+00:00,1.485965,/upload_user_activity_data,15
2025-02-28 14:15:46.747975+00:00,1.49918,/upload_user_activity_data,15
2025-02-28 14:15:46.752259+00:00,1.475795,/upload_user_activity_data,15
2025-02-28 14:15:46.768759+00:00,1.516122,/upload_user_activity_data,15
2025-02-28 14:15:46.812626+00:00,1.563804,/upload_user_activity_data,15
2025-02-28 14:15:46.846734+00:00,1.567765,/upload_user_activity_data,15
2025-02-28 14:15:46.847821+00:00,1.593396,/upload_user_activity_data,15
2025-02-28 14:15:46.856243+00:00,1.608899,/upload_user_activity_data,15
2025-02-28 14:15:46.870843+00:00,1.613018,/upload_user_activity_data,15
2025-02-28 14:15:46.901562+00:00,1.641987,/upload_user_activity_data,15
2025-02-28 14:15:46.904830+00:00,1.6373,/upload_user_activity_data,15
2025-02-28 14:15:46.911598+00:00,1.638235,/upload_user_activity_data,15
2025-02-28 14:15:46.931383+00:00,1.675443,/upload_user_activity_data,15
2025-02-28 14:15:46.977661+00:00,1.70801,/upload_user_activity_data,15
2025-02-28 14:15:46.993535+00:00,1.749432,/upload_user_activity_data,15
2025-02-28 14:15:48.536326+00:00,1.474088,/upload_user_activity_data,15
2025-02-28 14:15:48.567727+00:00,1.507259,/upload_user_activity_data,15
2025-02-28 14:15:48.567727+00:00,1.511656,/upload_user_activity_data,15
2025-02-28 14:15:48.577059+00:00,1.539566,/upload_user_activity_data,15
2025-02-28 14:15:48.584106+00:00,1.515678,/upload_user_activity_data,15
2025-02-28 14:15:48.584106+00:00,1.539544,/upload_user_activity_data,15
2025-02-28 14:15:48.626266+00:00,1.555313,/upload_user_activity_data,15
2025-02-28 14:15:48.669889+00:00,1.611522,/upload_user_activity_data,15
2025-02-28 14:15:48.689436+00:00,1.645499,/upload_user_activity_data,15
2025-02-28 14:15:48.710814+00:00,1.655213,/upload_user_activity_data,15
2025-02-28 14:15:48.732406+00:00,1.679481,/upload_user_activity_data,15
2025-02-28 14:15:48.737920+00:00,1.695982,/upload_user_activity_data,15
2025-02-28 14:15:48.739734+00:00,1.683244,/upload_user_activity_data,15
2025-02-28 14:15:48.763659+00:00,1.724727,/upload_user_activity_data,15
2025-02-28 14:15:48.846457+00:00,1.784734,/upload_user_activity_data,15
2025-02-28 14:15:50.243628+00:00,1.361117,/upload_user_activity_data,15
2025-02-28 14:15:50.332637+00:00,1.429377,/upload_user_activity_data,15
2025-02-28 14:15:50.386412+00:00,1.512277,/upload_user_activity_data,15
2025-02-28 14:15:50.401816+00:00,1.515828,/upload_user_activity_data,15
2025-02-28 14:15:50.422894+00:00,1.54319,/upload_user_activity_data,15
2025-02-28 14:15:50.440586+00:00,1.544366,/upload_user_activity_data,15
2025-02-28 14:15:50.458235+00:00,1.560801,/upload_user_activity_data,15
2025-02-28 14:15:50.506155+00:00,1.610809,/upload_user_activity_data,15
2025-02-28 14:15:50.551342+00:00,1.651375,/upload_user_activity_data,15
2025-02-28 14:15:50.566035+00:00,1.675522,/upload_user_activity_data,15
2025-02-28 14:15:50.568086+00:00,1.682291,/upload_user_activity_data,15
2025-02-28 14:15:50.594042+00:00,1.704649,/upload_user_activity_data,15
2025-02-28 14:15:50.639981+00:00,1.759973,/upload_user_activity_data,15
2025-02-28 14:15:50.648854+00:00,1.771707,/upload_user_activity_data,15
2025-02-28 14:15:50.676649+00:00,1.786753,/upload_user_activity_data,15
2025-02-28 14:15:52.064150+00:00,1.35857,/upload_user_activity_data,15
2025-02-28 14:15:52.072663+00:00,1.356152,/upload_user_activity_data,15
2025-02-28 14:15:52.074033+00:00,1.359821,/upload_user_activity_data,15
2025-02-28 14:15:52.118770+00:00,1.405902,/upload_user_activity_data,15
2025-02-28 14:15:52.175743+00:00,1.477104,/upload_user_activity_data,15
2025-02-28 14:15:52.224374+00:00,1.512338,/upload_user_activity_data,15
2025-02-28 14:15:52.256244+00:00,1.552285,/upload_user_activity_data,15
2025-02-28 14:15:52.268039+00:00,1.546583,/upload_user_activity_data,15
2025-02-28 14:15:52.353395+00:00,1.625296,/upload_user_activity_data,15
2025-02-28 14:15:52.361416+00:00,1.654297,/upload_user_activity_data,15
2025-02-28 14:15:52.376079+00:00,1.660508,/upload_user_activity_data,15
2025-02-28 14:15:52.389471+00:00,1.659387,/upload_user_activity_data,15
2025-02-28 14:15:52.406162+00:00,1.700637,/upload_user_activity_data,15
2025-02-28 14:15:52.409743+00:00,1.693025,/upload_user_activity_data,15
2025-02-28 14:15:52.439553+00:00,1.720647,/upload_user_activity_data,15
2025-02-28 14:15:54.083400+00:00,1.585525,/upload_user_activity_data,16
2025-02-28 14:15:54.118067+00:00,1.629114,/upload_user_activity_data,16
2025-02-28 14:15:54.142777+00:00,1.655771,/upload_user_activity_data,16
2025-02-28 14:15:54.177802+00:00,1.682785,/upload_user_activity_data,16
2025-02-28 14:15:54.226458+00:00,1.741376,/upload_user_activity_data,16
2025-02-28 14:15:54.256674+00:00,1.777645,/upload_user_activity_data,16
2025-02-28 14:15:54.290956+00:00,1.807247,/upload_user_activity_data,16
2025-02-28 14:15:54.295606+00:00,1.791551,/upload_user_activity_data,16
2025-02-28 14:15:54.306070+00:00,1.827977,/upload_user_activity_data,16
2025-02-28 14:15:54.380554+00:00,1.902899,/upload_user_activity_data,16
2025-02-28 14:15:54.391162+00:00,1.89982,/upload_user_activity_data,16
2025-02-28 14:15:54.392540+00:00,1.904801,/upload_user_activity_data,16
2025-02-28 14:15:54.472902+00:00,1.990602,/upload_user_activity_data,16
2025-02-28 14:15:54.493064+00:00,2.024406,/upload_user_activity_data,16
2025-02-28 14:15:54.506154+00:00,2.033345,/upload_user_activity_data,16
2025-02-28 14:15:54.509447+00:00,2.009036,/upload_user_activity_data,16
2025-02-28 14:15:55.967567+00:00,1.440304,/upload_user_activity_data,16
2025-02-28 14:15:55.999285+00:00,1.451629,/upload_user_activity_data,16
2025-02-28 14:15:56.094296+00:00,1.558321,/upload_user_activity_data,16
2025-02-28 14:15:56.094296+00:00,1.573146,/upload_user_activity_data,16
2025-02-28 14:15:56.162637+00:00,1.619683,/upload_user_activity_data,16
2025-02-28 14:15:56.197404+00:00,1.664493,/upload_user_activity_data,16
2025-02-28 14:15:56.234583+00:00,1.701008,/upload_user_activity_data,16
2025-02-28 14:15:56.238748+00:00,1.692107,/upload_user_activity_data,16
2025-02-28 14:15:56.246464+00:00,1.713421,/upload_user_activity_data,16
2025-02-28 14:15:56.256069+00:00,1.712924,/upload_user_activity_data,16
2025-02-28 14:15:56.259368+00:00,1.735982,/upload_user_activity_data,16
2025-02-28 14:15:56.275621+00:00,1.746039,/upload_user_activity_data,16
2025-02-28 14:15:56.292495+00:00,1.75557,/upload_user_activity_data,16
2025-02-28 14:15:56.292495+00:00,1.743949,/upload_user_activity_data,16
2025-02-28 14:15:56.292495+00:00,1.763756,/upload_user_activity_data,16
2025-02-28 14:15:56.324307+00:00,1.793663,/upload_user_activity_data,16
2025-02-28 14:15:57.814488+00:00,1.430603,/upload_user_activity_data,16
2025-02-28 14:15:57.822718+00:00,1.462923,/upload_user_activity_data,16
2025-02-28 14:15:57.880193+00:00,1.505573,/upload_user_activity_data,16
2025-02-28 14:15:57.929096+00:00,1.579256,/upload_user_activity_data,16
2025-02-28 14:15:57.952861+00:00,1.569581,/upload_user_activity_data,16
2025-02-28 14:15:58.024632+00:00,1.653505,/upload_user_activity_data,16
2025-02-28 14:15:58.034772+00:00,1.641982,/upload_user_activity_data,16
2025-02-28 14:15:58.068096+00:00,1.693684,/upload_user_activity_data,16
2025-02-28 14:15:58.073355+00:00,1.694978,/upload_user_activity_data,16
2025-02-28 14:15:58.097039+00:00,1.741362,/upload_user_activity_data,16
2025-02-28 14:15:58.105918+00:00,1.730766,/upload_user_activity_data,16
2025-02-28 14:15:58.140668+00:00,1.754723,/upload_user_activity_data,16
2025-02-28 14:15:58.172861+00:00,1.78548,/upload_user_activity_data,16
2025-02-28 14:15:58.180464+00:00,1.80467,/upload_user_activity_data,16
2025-02-28 14:15:58.190393+00:00,1.799222,/upload_user_activity_data,16
2025-02-28 14:15:58.206065+00:00,1.852363,/upload_user_activity_data,16
2025-02-28 14:15:59.725755+00:00,1.472022,/upload_user_activity_data,16
2025-02-28 14:15:59.779622+00:00,1.538555,/upload_user_activity_data,16
2025-02-28 14:15:59.822351+00:00,1.584203,/upload_user_activity_data,16
2025-02-28 14:15:59.842878+00:00,1.602392,/upload_user_activity_data,16
2025-02-28 14:15:59.842878+00:00,1.614815,/upload_user_activity_data,16
2025-02-28 14:15:59.889401+00:00,1.645669,/upload_user_activity_data,16
2025-02-28 14:15:59.901257+00:00,1.64264,/upload_user_activity_data,16
2025-02-28 14:15:59.908706+00:00,1.649777,/upload_user_activity_data,16
2025-02-28 14:15:59.963165+00:00,1.723023,/upload_user_activity_data,16
2025-02-28 14:15:59.977112+00:00,1.724248,/upload_user_activity_data,16
2025-02-28 14:15:59.992031+00:00,1.748939,/upload_user_activity_data,16
2025-02-28 14:15:59.992031+00:00,1.747677,/upload_user_activity_data,16
2025-02-28 14:16:00.029814+00:00,1.796109,/upload_user_activity_data,16
2025-02-28 14:16:00.031996+00:00,1.77144,/upload_user_activity_data,16
2025-02-28 14:16:00.033056+00:00,1.78194,/upload_user_activity_data,16
2025-02-28 14:16:00.050003+00:00,1.817988,/upload_user_activity_data,16
2025-02-28 14:16:01.608489+00:00,1.519132,/upload_user_activity_data,16
2025-02-28 14:16:01.663748+00:00,1.574006,/upload_user_activity_data,16
2025-02-28 14:16:01.663748+00:00,1.589306,/upload_user_activity_data,16
2025-02-28 14:16:01.693244+00:00,1.604417,/upload_user_activity_data,16
2025-02-28 14:16:01.693244+00:00,1.618329,/upload_user_activity_data,16
2025-02-28 14:16:01.715837+00:00,1.627074,/upload_user_activity_data,16
2025-02-28 14:16:01.720716+00:00,1.628347,/upload_user_activity_data,16
2025-02-28 14:16:01.722423+00:00,1.640723,/upload_user_activity_data,16
2025-02-28 14:16:01.799438+00:00,1.722011,/upload_user_activity_data,16
2025-02-28 14:16:01.820144+00:00,1.741094,/upload_user_activity_data,16
2025-02-28 14:16:01.843509+00:00,1.755546,/upload_user_activity_data,16
2025-02-28 14:16:01.862221+00:00,1.769958,/upload_user_activity_data,16
2025-02-28 14:16:01.873110+00:00,1.787456,/upload_user_activity_data,16
2025-02-28 14:16:01.889187+00:00,1.805817,/upload_user_activity_data,16
2025-02-28 14:16:01.889187+00:00,1.805888,/upload_user_activity_data,16
2025-02-28 14:16:01.922393+00:00,1.827545,/upload_user_activity_data,16
2025-02-28 14:16:03.661357+00:00,1.694763,/upload_user_activity_data,17
2025-02-28 14:16:03.704193+00:00,1.741742,/upload_user_activity_data,17
2025-02-28 14:16:03.747497+00:00,1.80055,/upload_user_activity_data,17
2025-02-28 14:16:03.757218+00:00,1.797187,/upload_user_activity_data,17
2025-02-28 14:16:03.811462+00:00,1.850567,/upload_user_activity_data,17
2025-02-28 14:16:03.811462+00:00,1.834139,/upload_user_activity_data,17
2025-02-28 14:16:03.863868+00:00,1.914577,/upload_user_activity_data,17
2025-02-28 14:16:03.912420+00:00,1.956041,/upload_user_activity_data,17
2025-02-28 14:16:03.944580+00:00,1.975768,/upload_user_activity_data,17
2025-02-28 14:16:03.964224+00:00,2.017185,/upload_user_activity_data,17
2025-02-28 14:16:03.964224+00:00,1.988253,/upload_user_activity_data,17
2025-02-28 14:16:03.999117+00:00,2.04485,/upload_user_activity_data,17
2025-02-28 14:16:04.049278+00:00,2.088087,/upload_user_activity_data,17
2025-02-28 14:16:04.054121+00:00,2.094842,/upload_user_activity_data,17
2025-02-28 14:16:04.065187+00:00,2.113949,/upload_user_activity_data,17
2025-02-28 14:16:04.101685+00:00,2.143133,/upload_user_activity_data,17
2025-02-28 14:16:04.106510+00:00,2.135631,/upload_user_activity_data,17
2025-02-28 14:16:05.716069+00:00,1.567464,/upload_user_activity_data,17
2025-02-28 14:16:05.848952+00:00,1.705329,/upload_user_activity_data,17
2025-02-28 14:16:05.881284+00:00,1.743414,/upload_user_activity_data,17
2025-02-28 14:16:05.905848+00:00,1.776903,/upload_user_activity_data,17
2025-02-28 14:16:05.923114+00:00,1.791202,/upload_user_activity_data,17
2025-02-28 14:16:05.923114+00:00,1.780769,/upload_user_activity_data,17
2025-02-28 14:16:05.923114+00:00,1.790739,/upload_user_activity_data,17
2025-02-28 14:16:05.936231+00:00,1.792004,/upload_user_activity_data,17
2025-02-28 14:16:05.944039+00:00,1.798599,/upload_user_activity_data,17
2025-02-28 14:16:05.944039+00:00,1.798774,/upload_user_activity_data,17
2025-02-28 14:16:05.946559+00:00,1.803799,/upload_user_activity_data,17
2025-02-28 14:16:05.946559+00:00,1.802333,/upload_user_activity_data,17
2025-02-28 14:16:05.989162+00:00,1.852866,/upload_user_activity_data,17
2025-02-28 14:16:06.038961+00:00,1.902468,/upload_user_activity_data,17
2025-02-28 14:16:06.046093+00:00,1.92009,/upload_user_activity_data,17
2025-02-28 14:16:06.046093+00:00,1.923491,/upload_user_activity_data,17
2025-02-28 14:16:06.054748+00:00,1.915735,/upload_user_activity_data,17
2025-02-28 14:16:07.649961+00:00,1.555441,/upload_user_activity_data,17
2025-02-28 14:16:07.658371+00:00,1.561735,/upload_user_activity_data,17
2025-02-28 14:16:07.674444+00:00,1.590568,/upload_user_activity_data,17
2025-02-28 14:16:07.691349+00:00,1.587478,/upload_user_activity_data,17
2025-02-28 14:16:07.753675+00:00,1.657812,/upload_user_activity_data,17
2025-02-28 14:16:07.789114+00:00,1.700311,/upload_user_activity_data,17
2025-02-28 14:16:07.796641+00:00,1.701448,/upload_user_activity_data,17
2025-02-28 14:16:07.796641+00:00,1.704309,/upload_user_activity_data,17
2025-02-28 14:16:07.921327+00:00,1.829347,/upload_user_activity_data,17
2025-02-28 14:16:07.938346+00:00,1.842395,/upload_user_activity_data,17
2025-02-28 14:16:07.963161+00:00,1.865992,/upload_user_activity_data,17
2025-02-28 14:16:07.963161+00:00,1.876055,/upload_user_activity_data,17
2025-02-28 14:16:07.988974+00:00,1.889236,/upload_user_activity_data,17
2025-02-28 14:16:07.993156+00:00,1.890034,/upload_user_activity_data,17
2025-02-28 14:16:08.039329+00:00,1.950294,/upload_user_activity_data,17
2025-02-28 14:16:08.043361+00:00,1.948488,/upload_user_activity_data,17
2025-02-28 14:16:08.047374+00:00,1.949177,/upload_user_activity_data,17
2025-02-28 14:16:09.566197+00:00,1.493169,/upload_user_activity_data,17
2025-02-28 14:16:09.605499+00:00,1.527197,/upload_user_activity_data,17
2025-02-28 14:16:09.624255+00:00,1.538941,/upload_user_activity_data,17
2025-02-28 14:16:09.718202+00:00,1.652587,/upload_user_activity_data,17
2025-02-28 14:16:09.732519+00:00,1.646669,/upload_user_activity_data,17
2025-02-28 14:16:09.739002+00:00,1.641364,/upload_user_activity_data,17
2025-02-28 14:16:09.739002+00:00,1.64289,/upload_user_activity_data,17
2025-02-28 14:16:09.760721+00:00,1.683169,/upload_user_activity_data,17
2025-02-28 14:16:09.851891+00:00,1.752716,/upload_user_activity_data,17
2025-02-28 14:16:09.857163+00:00,1.769939,/upload_user_activity_data,17
2025-02-28 14:16:09.912766+00:00,1.831689,/upload_user_activity_data,17
2025-02-28 14:16:09.922251+00:00,1.844923,/upload_user_activity_data,17
2025-02-28 14:16:09.922251+00:00,1.850874,/upload_user_activity_data,17
2025-02-28 14:16:09.959993+00:00,1.872215,/upload_user_activity_data,17
2025-02-28 14:16:09.977758+00:00,1.912135,/upload_user_activity_data,17
2025-02-28 14:16:10.011509+00:00,1.917319,/upload_user_activity_data,17
2025-02-28 14:16:10.073558+00:00,2.005624,/upload_user_activity_data,17
2025-02-28 14:16:11.695320+00:00,1.579745,/upload_user_activity_data,17
2025-02-28 14:16:11.762425+00:00,1.635749,/upload_user_activity_data,17
2025-02-28 14:16:11.786830+00:00,1.675437,/upload_user_activity_data,17
2025-02-28 14:16:11.802875+00:00,1.681234,/upload_user_activity_data,17
2025-02-28 14:16:11.847072+00:00,1.73116,/upload_user_activity_data,17
2025-02-28 14:16:11.923242+00:00,1.795108,/upload_user_activity_data,17
2025-02-28 14:16:11.938908+00:00,1.83533,/upload_user_activity_data,17
2025-02-28 14:16:11.994007+00:00,1.86708,/upload_user_activity_data,17
2025-02-28 14:16:12.029024+00:00,1.917469,/upload_user_activity_data,17
2025-02-28 14:16:12.070519+00:00,1.967316,/upload_user_activity_data,17
2025-02-28 14:16:12.094655+00:00,1.969662,/upload_user_activity_data,17
2025-02-28 14:16:12.105570+00:00,1.992251,/upload_user_activity_data,17
2025-02-28 14:16:12.122200+00:00,2.007744,/upload_user_activity_data,17
2025-02-28 14:16:12.156269+00:00,2.030591,/upload_user_activity_data,17
2025-02-28 14:16:12.164918+00:00,2.051769,/upload_user_activity_data,17
2025-02-28 14:16:12.164918+00:00,2.049223,/upload_user_activity_data,17
2025-02-28 14:16:12.180265+00:00,2.062342,/upload_user_activity_data,17
